{"name":"2b282d39-0c7c-4034-b78a-1909c22092c4","id":"/providers/Microsoft.Flow/flows/2b282d39-0c7c-4034-b78a-1909c22092c4","type":"Microsoft.Flow/flows","properties":{"apiId":"/providers/Microsoft.PowerApps/apis/shared_logicflows","displayName":"DetectAnimal","definition":{"metadata":{"workflowEntityId":null,"processAdvisorMetadata":null,"flowChargedByPaygo":null,"flowclientsuspensionreason":"None","flowclientsuspensiontime":null,"flowclientsuspensionreasondetails":null,"creator":{"id":"d52cba0a-7bdb-4976-995b-5f36870699b0","type":"User","tenantId":"72f988bf-86f1-41af-91ab-2d7cd011db47"},"provisioningMethod":"FromDefinition","failureAlertSubscription":true,"clientLastModifiedTime":"2023-06-23T21:02:17.6855075Z"},"$schema":"https://schema.management.azure.com/providers/Microsoft.Logic/schemas/2016-06-01/workflowdefinition.json#","contentVersion":"1.0.0.0","parameters":{"$connections":{"defaultValue":{},"type":"Object"},"$authentication":{"defaultValue":{},"type":"SecureObject"}},"triggers":{"manual":{"metadata":{"operationMetadataId":"7ce50350-70f4-49d7-a4b7-b09c216eeac1"},"type":"Request","kind":"PowerApp","inputs":{"schema":{"type":"object","properties":{"Detectobjectsinanimage(V2)_ImageContent":{"type":"string","format":"binary","description":"The image you wish to analyze.","x-ms-powerflows-param-ispartial":false}},"required":["Detectobjectsinanimage(V2)_ImageContent"]}}}},"actions":{"Respond_to_a_PowerApp_or_flow":{"runAfter":{"Parse_JSON_2":["Succeeded"]},"metadata":{"operationMetadataId":"f8b4b2e2-175e-4718-85ec-4ff1d1956140"},"type":"Response","kind":"PowerApp","inputs":{"statusCode":200,"body":{"answer":"@body('Parse_JSON_2')?['tagName']"},"schema":{"type":"object","properties":{"answer":{"title":"answer","x-ms-dynamically-added":true,"type":"string"}}}}},"Detect_objects_in_an_image_(V2)":{"runAfter":{},"metadata":{"operationMetadataId":"d8b6477d-1f45-4f6e-aaae-6d1d50f47ee3"},"type":"OpenApiConnection","inputs":{"host":{"apiId":"/providers/Microsoft.PowerApps/apis/shared_cognitiveservicescustomvision","connectionName":"shared_cognitiveservicescustomvision","operationId":"DetectImageV2"},"parameters":{"projectId":"a529abdd-dc2b-4d97-9c7c-7794fa07191b","publishedName":"Iteration1","Image":"@base64ToBinary(split(triggerBody()['Detectobjectsinanimage(V2)_ImageContent'], ',')[sub(length(split(triggerBody()['Detectobjectsinanimage(V2)_ImageContent'], ',')), 1)])"},"authentication":{"value":"@json(decodeBase64(triggerOutputs().headers['X-MS-APIM-Tokens']))['$ConnectionKey']","type":"Raw"}}},"Parse_JSON":{"runAfter":{"Detect_objects_in_an_image_(V2)":["Succeeded"]},"metadata":{"operationMetadataId":"4fd3a45f-01cc-418b-b2b2-ca8eef7f123f"},"type":"ParseJson","inputs":{"content":"@outputs('Detect_objects_in_an_image_(V2)')?['body/predictions']","schema":{"type":"array","items":{"type":"object","properties":{"probability":{"type":"number"},"tagId":{"type":"string"},"tagName":{"type":"string"},"boundingBox":{"type":"object","properties":{"left":{"type":"number"},"top":{"type":"number"},"width":{"type":"number"},"height":{"type":"number"}}}},"required":["probability","tagId","tagName","boundingBox"]}}}},"Parse_JSON_2":{"runAfter":{"Parse_JSON":["Succeeded"]},"metadata":{"operationMetadataId":"b763881f-6517-430a-aa7e-31d1a7764c72"},"type":"ParseJson","inputs":{"content":"@body('Parse_JSON')[0]","schema":{"type":"object","properties":{"probability":{"type":"number"},"tagId":{"type":"string"},"tagName":{"type":"string"},"boundingBox":{"type":"object","properties":{"left":{"type":"number"},"top":{"type":"number"},"width":{"type":"number"},"height":{"type":"number"}}}}}}}}},"connectionReferences":{"shared_cognitiveservicescustomvision":{"connectionName":"shared-cognitiveserv-a0dffaec-1c03-4c7b-9a8c-7af273a462de","source":"Invoker","id":"/providers/Microsoft.PowerApps/apis/shared_cognitiveservicescustomvision","tier":"NotSpecified"}},"flowFailureAlertSubscribed":false,"isManaged":false}}